epoch,acc,loss,lr,val_acc,val_loss
0,0.6,1.1571618534334702,0.01,0.21,3.5995076701045035
1,0.854,0.42480667448954773,0.01,0.12,5.134981353912735
