epoch,acc,loss,lr,val_acc,val_loss
0,0.59,1.148681659879745,0.01,0.215,4.0129744091257455
1,0.853,0.4421223888526292,0.01,0.165,5.92368630464407
